name,time,flop_count,dram_accesses,flops,ai
pyGAT,0.11990693249972537,1381114375,75615895,11518219557.51527,18.2648
pygcn,0.0007255521900060558,131381416,412119,181077829837.30423,9.96233915446752
