name,time,flop_count,dram_accesses,flops,ai
pygcn,0.0014811219274997712,5389,33428,3638458.049903412,0.005037879921024291
