name,time,flop_count,dram_accesses,flops,ai
gat,0.11990693249972537,1381114375,75615895,11518219557.51527,0.570777139102169
