name,dram_accesses,flops,time,ai
pyGAT,35133267,214050293,3.23546,0.19039
pygcn,6963871,15815445,0.0023537,0.070970
