name,time,flop_count,dram_accesses,flops,ai
pyGAT,0.047501298896968365,98700,211228,2077837.917950055,0.01460211240933967
