name,time,flop_count,dram_accesses,flops,ai
pyGAT,0.04662814778275788,1640634042,58754162,48455709415.50541,0.8726158635791623
pygcn,0.001337018720805645,258808388,721232,173734354727.42624,11.21381486817002
