name,time,flop_count,dram_accesses,flops,ai
pygcn,0.0014811219274997712,5389,33428,3638458.049903412,0.005037879921024291
pyGAT,0.03419519159942865,80988,238704,2368403.164652927,0.010602566358335008
