name,time,flop_count,dram_accesses,flops,ai
pygcn,0.0013583610765635968,6205,30962,4568004.860458389,0.0062627172017311545
